"module name","license","repository"
"@babel/cli@7.10.5","MIT","https://github.com/babel/babel"
"@babel/code-frame@7.10.4","MIT","https://github.com/babel/babel"
"@babel/compat-data@7.10.5","MIT","https://github.com/babel/babel"
"@babel/core@7.10.5","MIT","https://github.com/babel/babel"
"@babel/generator@7.10.5","MIT","https://github.com/babel/babel"
"@babel/helper-annotate-as-pure@7.10.4","MIT","https://github.com/babel/babel"
"@babel/helper-builder-binary-assignment-operator-visitor@7.10.4","MIT","https://github.com/babel/babel"
"@babel/helper-compilation-targets@7.10.4","MIT","https://github.com/babel/babel"
"@babel/helper-create-class-features-plugin@7.10.5","MIT","https://github.com/babel/babel"
"@babel/helper-create-regexp-features-plugin@7.10.4","MIT","https://github.com/babel/babel"
"@babel/helper-define-map@7.10.5","MIT","https://github.com/babel/babel"
"@babel/helper-explode-assignable-expression@7.10.4","MIT","https://github.com/babel/babel"
"@babel/helper-function-name@7.10.4","MIT","https://github.com/babel/babel"
"@babel/helper-get-function-arity@7.10.4","MIT","https://github.com/babel/babel"
"@babel/helper-hoist-variables@7.10.4","MIT","https://github.com/babel/babel"
"@babel/helper-member-expression-to-functions@7.10.5","MIT","https://github.com/babel/babel"
"@babel/helper-module-imports@7.10.4","MIT","https://github.com/babel/babel"
"@babel/helper-module-transforms@7.10.5","MIT","https://github.com/babel/babel"
"@babel/helper-optimise-call-expression@7.10.4","MIT","https://github.com/babel/babel"
"@babel/helper-plugin-utils@7.10.4","MIT","https://github.com/babel/babel"
"@babel/helper-regex@7.10.5","MIT","https://github.com/babel/babel"
"@babel/helper-remap-async-to-generator@7.10.4","MIT","https://github.com/babel/babel"
"@babel/helper-replace-supers@7.10.4","MIT","https://github.com/babel/babel"
"@babel/helper-simple-access@7.10.4","MIT","https://github.com/babel/babel"
"@babel/helper-split-export-declaration@7.10.4","MIT","https://github.com/babel/babel"
"@babel/helper-validator-identifier@7.10.4","MIT","https://github.com/babel/babel"
"@babel/helper-wrap-function@7.10.4","MIT","https://github.com/babel/babel"
"@babel/helpers@7.10.4","MIT","https://github.com/babel/babel"
"@babel/highlight@7.10.4","MIT","https://github.com/babel/babel"
"@babel/node@7.10.5","MIT","https://github.com/babel/babel"
"@babel/parser@7.10.5","MIT","https://github.com/babel/babel"
"@babel/plugin-proposal-async-generator-functions@7.10.5","MIT","https://github.com/babel/babel"
"@babel/plugin-proposal-class-properties@7.10.4","MIT","https://github.com/babel/babel"
"@babel/plugin-proposal-dynamic-import@7.10.4","MIT","https://github.com/babel/babel"
"@babel/plugin-proposal-json-strings@7.10.4","MIT","https://github.com/babel/babel"
"@babel/plugin-proposal-nullish-coalescing-operator@7.10.4","MIT","https://github.com/babel/babel"
"@babel/plugin-proposal-numeric-separator@7.10.4","MIT","https://github.com/babel/babel"
"@babel/plugin-proposal-object-rest-spread@7.10.4","MIT","https://github.com/babel/babel"
"@babel/plugin-proposal-optional-catch-binding@7.10.4","MIT","https://github.com/babel/babel"
"@babel/plugin-proposal-optional-chaining@7.10.4","MIT","https://github.com/babel/babel"
"@babel/plugin-proposal-private-methods@7.10.4","MIT","https://github.com/babel/babel"
"@babel/plugin-proposal-unicode-property-regex@7.10.4","MIT","https://github.com/babel/babel"
"@babel/plugin-syntax-async-generators@7.8.4","MIT","https://github.com/babel/babel/tree/master/packages/babel-plugin-syntax-async-generators"
"@babel/plugin-syntax-class-properties@7.10.4","MIT","https://github.com/babel/babel"
"@babel/plugin-syntax-dynamic-import@7.8.3","MIT","https://github.com/babel/babel/tree/master/packages/babel-plugin-syntax-dynamic-import"
"@babel/plugin-syntax-json-strings@7.8.3","MIT","https://github.com/babel/babel/tree/master/packages/babel-plugin-syntax-json-strings"
"@babel/plugin-syntax-nullish-coalescing-operator@7.8.3","MIT","https://github.com/babel/babel/tree/master/packages/babel-plugin-syntax-nullish-coalescing-operator"
"@babel/plugin-syntax-numeric-separator@7.10.4","MIT","https://github.com/babel/babel"
"@babel/plugin-syntax-object-rest-spread@7.8.3","MIT","https://github.com/babel/babel/tree/master/packages/babel-plugin-syntax-object-rest-spread"
"@babel/plugin-syntax-optional-catch-binding@7.8.3","MIT","https://github.com/babel/babel/tree/master/packages/babel-plugin-syntax-optional-catch-binding"
"@babel/plugin-syntax-optional-chaining@7.8.3","MIT","https://github.com/babel/babel/tree/master/packages/babel-plugin-syntax-optional-chaining"
"@babel/plugin-syntax-top-level-await@7.10.4","MIT","https://github.com/babel/babel"
"@babel/plugin-transform-arrow-functions@7.10.4","MIT","https://github.com/babel/babel"
"@babel/plugin-transform-async-to-generator@7.10.4","MIT","https://github.com/babel/babel"
"@babel/plugin-transform-block-scoped-functions@7.10.4","MIT","https://github.com/babel/babel"
"@babel/plugin-transform-block-scoping@7.10.5","MIT","https://github.com/babel/babel"
"@babel/plugin-transform-classes@7.10.4","MIT","https://github.com/babel/babel"
"@babel/plugin-transform-computed-properties@7.10.4","MIT","https://github.com/babel/babel"
"@babel/plugin-transform-destructuring@7.10.4","MIT","https://github.com/babel/babel"
"@babel/plugin-transform-dotall-regex@7.10.4","MIT","https://github.com/babel/babel"
"@babel/plugin-transform-duplicate-keys@7.10.4","MIT","https://github.com/babel/babel"
"@babel/plugin-transform-exponentiation-operator@7.10.4","MIT","https://github.com/babel/babel"
"@babel/plugin-transform-for-of@7.10.4","MIT","https://github.com/babel/babel"
"@babel/plugin-transform-function-name@7.10.4","MIT","https://github.com/babel/babel"
"@babel/plugin-transform-literals@7.10.4","MIT","https://github.com/babel/babel"
"@babel/plugin-transform-member-expression-literals@7.10.4","MIT","https://github.com/babel/babel"
"@babel/plugin-transform-modules-amd@7.10.5","MIT","https://github.com/babel/babel"
"@babel/plugin-transform-modules-commonjs@7.10.4","MIT","https://github.com/babel/babel"
"@babel/plugin-transform-modules-systemjs@7.10.5","MIT","https://github.com/babel/babel"
"@babel/plugin-transform-modules-umd@7.10.4","MIT","https://github.com/babel/babel"
"@babel/plugin-transform-named-capturing-groups-regex@7.10.4","MIT","https://github.com/babel/babel"
"@babel/plugin-transform-new-target@7.10.4","MIT","https://github.com/babel/babel"
"@babel/plugin-transform-object-super@7.10.4","MIT","https://github.com/babel/babel"
"@babel/plugin-transform-parameters@7.10.5","MIT","https://github.com/babel/babel"
"@babel/plugin-transform-property-literals@7.10.4","MIT","https://github.com/babel/babel"
"@babel/plugin-transform-regenerator@7.10.4","MIT","https://github.com/babel/babel"
"@babel/plugin-transform-reserved-words@7.10.4","MIT","https://github.com/babel/babel"
"@babel/plugin-transform-shorthand-properties@7.10.4","MIT","https://github.com/babel/babel"
"@babel/plugin-transform-spread@7.10.4","MIT","https://github.com/babel/babel"
"@babel/plugin-transform-sticky-regex@7.10.4","MIT","https://github.com/babel/babel"
"@babel/plugin-transform-template-literals@7.10.5","MIT","https://github.com/babel/babel"
"@babel/plugin-transform-typeof-symbol@7.10.4","MIT","https://github.com/babel/babel"
"@babel/plugin-transform-unicode-escapes@7.10.4","MIT","https://github.com/babel/babel"
"@babel/plugin-transform-unicode-regex@7.10.4","MIT","https://github.com/babel/babel"
"@babel/preset-env@7.10.4","MIT","https://github.com/babel/babel"
"@babel/preset-modules@0.1.3","MIT",""
"@babel/register@7.10.5","MIT","https://github.com/babel/babel"
"@babel/runtime@7.10.5","MIT","https://github.com/babel/babel"
"@babel/template@7.10.4","MIT","https://github.com/babel/babel"
"@babel/traverse@7.10.5","MIT","https://github.com/babel/babel"
"@babel/types@7.10.5","MIT","https://github.com/babel/babel"
"@istanbuljs/load-nyc-config@1.1.0","ISC","https://github.com/istanbuljs/load-nyc-config"
"@istanbuljs/schema@0.1.2","MIT","https://github.com/istanbuljs/schema"
"@nodelib/fs.scandir@2.1.3","MIT","https://github.com/nodelib/nodelib/tree/master/packages/fs/fs.scandir"
"@nodelib/fs.stat@2.0.3","MIT","https://github.com/nodelib/nodelib/tree/master/packages/fs/fs.stat"
"@nodelib/fs.walk@1.2.4","MIT","https://github.com/nodelib/nodelib/tree/master/packages/fs/fs.walk"
"@samverschueren/stream-to-observable@0.3.0","MIT","https://github.com/SamVerschueren/stream-to-observable"
"@sindresorhus/df@1.0.1","MIT","https://github.com/sindresorhus/df"
"@sindresorhus/df@2.1.0","MIT","https://github.com/sindresorhus/df"
"@sindresorhus/is@0.15.0","MIT","https://github.com/sindresorhus/is"
"@stroncium/procfs@1.2.1","CC0-1.0","https://github.com/stroncium/nodejs-procfs"
"@types/color-name@1.1.1","MIT","https://github.com/DefinitelyTyped/DefinitelyTyped"
"abbrev@1.1.1","ISC","https://github.com/isaacs/abbrev-js"
"acorn-jsx@5.2.0","MIT","https://github.com/acornjs/acorn-jsx"
"acorn@7.3.1","MIT","https://github.com/acornjs/acorn"
"aggregate-error@3.0.1","MIT","https://github.com/sindresorhus/aggregate-error"
"ajv@6.12.3","MIT","https://github.com/ajv-validator/ajv"
"ansi-colors@4.1.1","MIT","https://github.com/doowb/ansi-colors"
"ansi-escapes@3.2.0","MIT","https://github.com/sindresorhus/ansi-escapes"
"ansi-regex@2.1.1","MIT","https://github.com/chalk/ansi-regex"
"ansi-regex@3.0.0","MIT","https://github.com/chalk/ansi-regex"
"ansi-regex@4.1.0","MIT","https://github.com/chalk/ansi-regex"
"ansi-regex@5.0.0","MIT","https://github.com/chalk/ansi-regex"
"ansi-styles@2.2.1","MIT","https://github.com/chalk/ansi-styles"
"ansi-styles@3.2.1","MIT","https://github.com/chalk/ansi-styles"
"ansi-styles@4.2.1","MIT","https://github.com/chalk/ansi-styles"
"any-observable@0.3.0","MIT","https://github.com/sindresorhus/any-observable"
"anymatch@2.0.0","ISC","https://github.com/micromatch/anymatch"
"anymatch@3.1.1","ISC","https://github.com/micromatch/anymatch"
"append-transform@2.0.0","MIT","https://github.com/istanbuljs/append-transform"
"archy@1.0.0","MIT","https://github.com/substack/node-archy"
"argparse@1.0.10","MIT","https://github.com/nodeca/argparse"
"arr-diff@4.0.0","MIT","https://github.com/jonschlinkert/arr-diff"
"arr-flatten@1.1.0","MIT","https://github.com/jonschlinkert/arr-flatten"
"arr-union@3.1.0","MIT","https://github.com/jonschlinkert/arr-union"
"array-find-index@1.0.2","MIT","https://github.com/sindresorhus/array-find-index"
"array-union@1.0.2","MIT","https://github.com/sindresorhus/array-union"
"array-uniq@1.0.3","MIT","https://github.com/sindresorhus/array-uniq"
"array-unique@0.3.2","MIT","https://github.com/jonschlinkert/array-unique"
"array.prototype.map@1.0.2","MIT","https://github.com/es-shims/Array.prototype.map"
"asap@2.0.6","MIT","https://github.com/kriskowal/asap"
"asn1@0.2.4","MIT","https://github.com/joyent/node-asn1"
"assert-plus@1.0.0","MIT","https://github.com/mcavage/node-assert-plus"
"assertion-error@1.1.0","MIT","https://github.com/chaijs/assertion-error"
"assign-symbols@1.0.0","MIT","https://github.com/jonschlinkert/assign-symbols"
"astral-regex@1.0.0","MIT","https://github.com/kevva/astral-regex"
"async-each@1.0.3","MIT","https://github.com/paulmillr/async-each"
"asynckit@0.4.0","MIT","https://github.com/alexindigo/asynckit"
"atob@2.1.2","(MIT OR Apache-2.0)","git://git.coolaj86.com/coolaj86/atob.js"
"auto-changelog@2.2.0","MIT","https://github.com/CookPete/auto-changelog"
"aws-sign2@0.7.0","Apache-2.0","https://github.com/mikeal/aws-sign"
"aws4@1.10.0","MIT","https://github.com/mhart/aws4"
"babel-eslint@10.1.0","MIT","https://github.com/babel/babel-eslint"
"babel-plugin-dynamic-import-node@2.3.3","MIT","https://github.com/airbnb/babel-plugin-dynamic-import-node"
"balanced-match@1.0.0","MIT","https://github.com/juliangruber/balanced-match"
"base@0.11.2","MIT","https://github.com/node-base/base"
"bcrypt-pbkdf@1.0.2","BSD-3-Clause","https://github.com/joyent/node-bcrypt-pbkdf"
"binary-extensions@1.13.1","MIT","https://github.com/sindresorhus/binary-extensions"
"binary-extensions@2.1.0","MIT","https://github.com/sindresorhus/binary-extensions"
"bindings@1.5.0","MIT","https://github.com/TooTallNate/node-bindings"
"brace-expansion@1.1.11","MIT","https://github.com/juliangruber/brace-expansion"
"braces@2.3.2","MIT","https://github.com/micromatch/braces"
"braces@3.0.2","MIT","https://github.com/micromatch/braces"
"browser-stdout@1.3.1","ISC","https://github.com/kumavis/browser-stdout"
"browserslist@4.13.0","MIT","https://github.com/browserslist/browserslist"
"buffer-from@1.1.1","MIT","https://github.com/LinusU/buffer-from"
"cache-base@1.0.1","MIT","https://github.com/jonschlinkert/cache-base"
"caching-transform@4.0.0","MIT","https://github.com/istanbuljs/caching-transform"
"callsites@3.1.0","MIT","https://github.com/sindresorhus/callsites"
"camelcase@5.3.1","MIT","https://github.com/sindresorhus/camelcase"
"caniuse-lite@1.0.30001102","CC-BY-4.0","https://github.com/ben-eb/caniuse-lite"
"caseless@0.12.0","Apache-2.0","https://github.com/mikeal/caseless"
"chai@4.2.0","MIT","https://github.com/chaijs/chai"
"chalk@1.1.3","MIT","https://github.com/chalk/chalk"
"chalk@2.4.2","MIT","https://github.com/chalk/chalk"
"chalk@4.1.0","MIT","https://github.com/chalk/chalk"
"check-error@1.0.2","MIT","https://github.com/chaijs/check-error"
"chokidar@2.1.8","MIT","https://github.com/paulmillr/chokidar"
"chokidar@3.3.1","MIT","https://github.com/paulmillr/chokidar"
"class-utils@0.3.6","MIT","https://github.com/jonschlinkert/class-utils"
"clean-stack@2.2.0","MIT","https://github.com/sindresorhus/clean-stack"
"cli-cursor@2.1.0","MIT","https://github.com/sindresorhus/cli-cursor"
"cli-truncate@0.2.1","MIT","https://github.com/sindresorhus/cli-truncate"
"cliui@5.0.0","ISC","https://github.com/yargs/cliui"
"cliui@6.0.0","ISC","https://github.com/yargs/cliui"
"code-point-at@1.1.0","MIT","https://github.com/sindresorhus/code-point-at"
"collection-visit@1.0.0","MIT","https://github.com/jonschlinkert/collection-visit"
"color-convert@1.9.3","MIT","https://github.com/Qix-/color-convert"
"color-convert@2.0.1","MIT","https://github.com/Qix-/color-convert"
"color-name@1.1.3","MIT","https://github.com/dfcreative/color-name"
"color-name@1.1.4","MIT","https://github.com/colorjs/color-name"
"combined-stream@1.0.8","MIT","https://github.com/felixge/node-combined-stream"
"commander@2.20.3","MIT","https://github.com/tj/commander.js"
"commander@4.1.1","MIT","https://github.com/tj/commander.js"
"commander@5.1.0","MIT","https://github.com/tj/commander.js"
"commondir@1.0.1","MIT","https://github.com/substack/node-commondir"
"component-emitter@1.3.0","MIT","https://github.com/component/emitter"
"concat-map@0.0.1","MIT","https://github.com/substack/node-concat-map"
"convert-source-map@1.7.0","MIT","https://github.com/thlorenz/convert-source-map"
"copy-descriptor@0.1.1","MIT","https://github.com/jonschlinkert/copy-descriptor"
"core-js-compat@3.6.5","MIT","https://github.com/zloirock/core-js"
"core-js@3.6.5","MIT","https://github.com/zloirock/core-js"
"core-util-is@1.0.2","MIT","https://github.com/isaacs/core-util-is"
"coveralls@3.1.0","BSD-2-Clause","https://github.com/nickmerwin/node-coveralls"
"cp-file@6.2.0","MIT","https://github.com/sindresorhus/cp-file"
"cross-env@7.0.2","MIT","https://github.com/kentcdodds/cross-env"
"cross-spawn-async@2.2.5","MIT","https://github.com/IndigoUnited/node-cross-spawn-async"
"cross-spawn@7.0.3","MIT","https://github.com/moxystudio/node-cross-spawn"
"dashdash@1.14.1","MIT","https://github.com/trentm/node-dashdash"
"date-fns@1.30.1","MIT","https://github.com/date-fns/date-fns"
"debug@2.6.9","MIT","https://github.com/visionmedia/debug"
"debug@3.2.6","MIT","https://github.com/visionmedia/debug"
"debug@4.1.1","MIT","https://github.com/visionmedia/debug"
"debuglog@1.0.1","MIT","https://github.com/sam-github/node-debuglog"
"decamelize@1.2.0","MIT","https://github.com/sindresorhus/decamelize"
"decode-uri-component@0.2.0","MIT","https://github.com/SamVerschueren/decode-uri-component"
"deep-eql@3.0.1","MIT","https://github.com/chaijs/deep-eql"
"deep-is@0.1.3","MIT","https://github.com/thlorenz/deep-is"
"deep-scan-dir@1.2.0","MIT","https://github.com/iTonyYo/deep-scan-dir"
"default-require-extensions@3.0.0","MIT","https://github.com/avajs/default-require-extensions"
"define-properties@1.1.3","MIT","https://github.com/ljharb/define-properties"
"define-property@0.2.5","MIT","https://github.com/jonschlinkert/define-property"
"define-property@1.0.0","MIT","https://github.com/jonschlinkert/define-property"
"define-property@2.0.2","MIT","https://github.com/jonschlinkert/define-property"
"delayed-stream@1.0.0","MIT","https://github.com/felixge/node-delayed-stream"
"dezalgo@1.0.3","ISC","https://github.com/npm/dezalgo"
"diff@4.0.2","BSD-3-Clause","https://github.com/kpdecker/jsdiff"
"dir-glob@2.2.2","MIT","https://github.com/kevva/dir-glob"
"doctrine@3.0.0","Apache-2.0","https://github.com/eslint/doctrine"
"ecc-jsbn@0.1.2","MIT","https://github.com/quartzjer/ecc-jsbn"
"electron-to-chromium@1.3.499","ISC","https://github.com/kilian/electron-to-chromium"
"elegant-spinner@1.0.1","MIT","https://github.com/sindresorhus/elegant-spinner"
"emoji-regex@7.0.3","MIT","https://github.com/mathiasbynens/emoji-regex"
"emoji-regex@8.0.0","MIT","https://github.com/mathiasbynens/emoji-regex"
"end-of-stream@1.4.4","MIT","https://github.com/mafintosh/end-of-stream"
"enquirer@2.3.6","MIT","https://github.com/enquirer/enquirer"
"es-abstract@1.17.6","MIT","https://github.com/ljharb/es-abstract"
"es-array-method-boxes-properly@1.0.0","MIT","https://github.com/ljharb/es-array-method-boxes-properly"
"es-get-iterator@1.1.0","MIT","https://github.com/ljharb/es-get-iterator"
"es-to-primitive@1.2.1","MIT","https://github.com/ljharb/es-to-primitive"
"es6-error@4.1.1","MIT","https://github.com/bjyoungblood/es6-error"
"escalade@3.0.2","MIT","https://github.com/lukeed/escalade"
"escape-string-regexp@1.0.5","MIT","https://github.com/sindresorhus/escape-string-regexp"
"eslint-scope@5.1.0","BSD-2-Clause","https://github.com/eslint/eslint-scope"
"eslint-utils@2.1.0","MIT","https://github.com/mysticatea/eslint-utils"
"eslint-visitor-keys@1.3.0","Apache-2.0","https://github.com/eslint/eslint-visitor-keys"
"eslint@7.4.0","MIT","https://github.com/eslint/eslint"
"espree@7.1.0","BSD-2-Clause","https://github.com/eslint/espree"
"esprima@4.0.1","BSD-2-Clause","https://github.com/jquery/esprima"
"esquery@1.3.1","BSD-3-Clause","https://github.com/estools/esquery"
"esrecurse@4.2.1","BSD-2-Clause","https://github.com/estools/esrecurse"
"estraverse@4.3.0","BSD-2-Clause","https://github.com/estools/estraverse"
"estraverse@5.1.0","BSD-2-Clause","https://github.com/estools/estraverse"
"esutils@2.0.3","BSD-2-Clause","https://github.com/estools/esutils"
"execa@0.2.2","MIT","https://github.com/sindresorhus/execa"
"execa@4.0.3","MIT","https://github.com/sindresorhus/execa"
"expand-brackets@2.1.4","MIT","https://github.com/jonschlinkert/expand-brackets"
"extend-shallow@2.0.1","MIT","https://github.com/jonschlinkert/extend-shallow"
"extend-shallow@3.0.2","MIT","https://github.com/jonschlinkert/extend-shallow"
"extend@3.0.2","MIT","https://github.com/justmoon/node-extend"
"extglob@2.0.4","MIT","https://github.com/micromatch/extglob"
"extsprintf@1.3.0","MIT","https://github.com/davepacheco/node-extsprintf"
"fast-deep-equal@3.1.3","MIT","https://github.com/epoberezkin/fast-deep-equal"
"fast-glob@3.2.4","MIT","https://github.com/mrmlnc/fast-glob"
"fast-json-stable-stringify@2.1.0","MIT","https://github.com/epoberezkin/fast-json-stable-stringify"
"fast-levenshtein@2.0.6","MIT","https://github.com/hiddentao/fast-levenshtein"
"fastq@1.8.0","ISC","https://github.com/mcollina/fastq"
"figures@1.7.0","MIT","https://github.com/sindresorhus/figures"
"figures@2.0.0","MIT","https://github.com/sindresorhus/figures"
"file-entry-cache@5.0.1","MIT","https://github.com/royriojas/file-entry-cache"
"file-uri-to-path@1.0.0","MIT","https://github.com/TooTallNate/file-uri-to-path"
"fill-range@4.0.0","MIT","https://github.com/jonschlinkert/fill-range"
"fill-range@7.0.1","MIT","https://github.com/jonschlinkert/fill-range"
"find-cache-dir@2.1.0","MIT","https://github.com/avajs/find-cache-dir"
"find-cache-dir@3.3.1","MIT","https://github.com/avajs/find-cache-dir"
"find-up@3.0.0","MIT","https://github.com/sindresorhus/find-up"
"find-up@4.1.0","MIT","https://github.com/sindresorhus/find-up"
"flat-cache@2.0.1","MIT","https://github.com/royriojas/flat-cache"
"flat@4.1.0","BSD-3-Clause","https://github.com/hughsk/flat"
"flatted@2.0.2","ISC","https://github.com/WebReflection/flatted"
"for-in@1.0.2","MIT","https://github.com/jonschlinkert/for-in"
"foreground-child@2.0.0","ISC","https://github.com/tapjs/foreground-child"
"forever-agent@0.6.1","Apache-2.0","https://github.com/mikeal/forever-agent"
"form-data@2.3.3","MIT","https://github.com/form-data/form-data"
"fragment-cache@0.2.1","MIT","https://github.com/jonschlinkert/fragment-cache"
"fromentries@1.2.1","MIT","https://github.com/feross/fromentries"
"fs-readdir-recursive@1.1.0","MIT","https://github.com/fs-utils/fs-readdir-recursive"
"fs.realpath@1.0.0","ISC","https://github.com/isaacs/fs.realpath"
"fsevents@1.2.13","MIT","https://github.com/strongloop/fsevents"
"fsevents@2.1.3","MIT","https://github.com/fsevents/fsevents"
"function-bind@1.1.1","MIT","https://github.com/Raynos/function-bind"
"functional-red-black-tree@1.0.1","MIT","https://github.com/mikolalysenko/functional-red-black-tree"
"gensync@1.0.0-beta.1","MIT",""
"get-caller-file@2.0.5","ISC","https://github.com/stefanpenner/get-caller-file"
"get-func-name@2.0.0","MIT","https://github.com/chaijs/get-func-name"
"get-package-type@0.1.0","MIT","https://github.com/cfware/get-package-type"
"get-stream@5.1.0","MIT","https://github.com/sindresorhus/get-stream"
"get-value@2.0.6","MIT","https://github.com/jonschlinkert/get-value"
"getpass@0.1.7","MIT","https://github.com/arekinath/node-getpass"
"glob-parent@3.1.0","ISC","https://github.com/es128/glob-parent"
"glob-parent@5.1.1","ISC","https://github.com/gulpjs/glob-parent"
"glob@7.1.6","ISC","https://github.com/isaacs/node-glob"
"globals@11.12.0","MIT","https://github.com/sindresorhus/globals"
"globals@12.4.0","MIT","https://github.com/sindresorhus/globals"
"globby@7.1.1","MIT","https://github.com/sindresorhus/globby"
"graceful-fs@4.2.4","ISC","https://github.com/isaacs/node-graceful-fs"
"growl@1.10.5","MIT","https://github.com/tj/node-growl"
"handlebars@4.7.6","MIT","https://github.com/wycats/handlebars.js"
"har-schema@2.0.0","ISC","https://github.com/ahmadnassri/har-schema"
"har-validator@5.1.3","MIT","https://github.com/ahmadnassri/node-har-validator"
"has-ansi@2.0.0","MIT","https://github.com/sindresorhus/has-ansi"
"has-flag@3.0.0","MIT","https://github.com/sindresorhus/has-flag"
"has-flag@4.0.0","MIT","https://github.com/sindresorhus/has-flag"
"has-symbols@1.0.1","MIT","https://github.com/ljharb/has-symbols"
"has-value@0.3.1","MIT","https://github.com/jonschlinkert/has-value"
"has-value@1.0.0","MIT","https://github.com/jonschlinkert/has-value"
"has-values@0.1.4","MIT","https://github.com/jonschlinkert/has-values"
"has-values@1.0.0","MIT","https://github.com/jonschlinkert/has-values"
"has@1.0.3","MIT","https://github.com/tarruda/has"
"hasha@5.2.0","MIT","https://github.com/sindresorhus/hasha"
"he@1.2.0","MIT","https://github.com/mathiasbynens/he"
"homedir-polyfill@1.0.3","MIT","https://github.com/doowb/homedir-polyfill"
"hosted-git-info@2.8.8","ISC","https://github.com/npm/hosted-git-info"
"html-escaper@2.0.2","MIT","https://github.com/WebReflection/html-escaper"
"http-signature@1.2.0","MIT","https://github.com/joyent/node-http-signature"
"human-signals@1.1.1","Apache-2.0","https://github.com/ehmicky/human-signals"
"ignore@3.3.10","MIT","https://github.com/kaelzhang/node-ignore"
"ignore@4.0.6","MIT","https://github.com/kaelzhang/node-ignore"
"import-fresh@3.2.1","MIT","https://github.com/sindresorhus/import-fresh"
"imurmurhash@0.1.4","MIT","https://github.com/jensyt/imurmurhash-js"
"indent-string@3.2.0","MIT","https://github.com/sindresorhus/indent-string"
"indent-string@4.0.0","MIT","https://github.com/sindresorhus/indent-string"
"inflight@1.0.6","ISC","https://github.com/npm/inflight"
"inherits@2.0.4","ISC","https://github.com/isaacs/inherits"
"invariant@2.2.4","MIT","https://github.com/zertosh/invariant"
"is-accessor-descriptor@0.1.6","MIT","https://github.com/jonschlinkert/is-accessor-descriptor"
"is-accessor-descriptor@1.0.0","MIT","https://github.com/jonschlinkert/is-accessor-descriptor"
"is-arguments@1.0.4","MIT","https://github.com/ljharb/is-arguments"
"is-binary-path@1.0.1","MIT","https://github.com/sindresorhus/is-binary-path"
"is-binary-path@2.1.0","MIT","https://github.com/sindresorhus/is-binary-path"
"is-buffer@1.1.6","MIT","https://github.com/feross/is-buffer"
"is-buffer@2.0.4","MIT","https://github.com/feross/is-buffer"
"is-callable@1.2.0","MIT","https://github.com/ljharb/is-callable"
"is-data-descriptor@0.1.4","MIT","https://github.com/jonschlinkert/is-data-descriptor"
"is-data-descriptor@1.0.0","MIT","https://github.com/jonschlinkert/is-data-descriptor"
"is-date-object@1.0.2","MIT","https://github.com/ljharb/is-date-object"
"is-descriptor@0.1.6","MIT","https://github.com/jonschlinkert/is-descriptor"
"is-descriptor@1.0.2","MIT","https://github.com/jonschlinkert/is-descriptor"
"is-extendable@0.1.1","MIT","https://github.com/jonschlinkert/is-extendable"
"is-extendable@1.0.1","MIT","https://github.com/jonschlinkert/is-extendable"
"is-extglob@2.1.1","MIT","https://github.com/jonschlinkert/is-extglob"
"is-fullwidth-code-point@1.0.0","MIT","https://github.com/sindresorhus/is-fullwidth-code-point"
"is-fullwidth-code-point@2.0.0","MIT","https://github.com/sindresorhus/is-fullwidth-code-point"
"is-fullwidth-code-point@3.0.0","MIT","https://github.com/sindresorhus/is-fullwidth-code-point"
"is-glob@3.1.0","MIT","https://github.com/jonschlinkert/is-glob"
"is-glob@4.0.1","MIT","https://github.com/micromatch/is-glob"
"is-map@2.0.1","MIT","https://github.com/inspect-js/is-map"
"is-number@3.0.0","MIT","https://github.com/jonschlinkert/is-number"
"is-number@7.0.0","MIT","https://github.com/jonschlinkert/is-number"
"is-observable@1.1.0","MIT","https://github.com/sindresorhus/is-observable"
"is-path-inside@3.0.2","MIT","https://github.com/sindresorhus/is-path-inside"
"is-plain-object@2.0.4","MIT","https://github.com/jonschlinkert/is-plain-object"
"is-promise@2.2.2","MIT","https://github.com/then/is-promise"
"is-regex@1.1.0","MIT","https://github.com/ljharb/is-regex"
"is-set@2.0.1","MIT","https://github.com/inspect-js/is-set"
"is-stream@1.1.0","MIT","https://github.com/sindresorhus/is-stream"
"is-stream@2.0.0","MIT","https://github.com/sindresorhus/is-stream"
"is-string@1.0.5","MIT","https://github.com/ljharb/is-string"
"is-symbol@1.0.3","MIT","https://github.com/inspect-js/is-symbol"
"is-typedarray@1.0.0","MIT","https://github.com/hughsk/is-typedarray"
"is-windows@1.0.2","MIT","https://github.com/jonschlinkert/is-windows"
"isarray@1.0.0","MIT","https://github.com/juliangruber/isarray"
"isarray@2.0.5","MIT","https://github.com/juliangruber/isarray"
"isexe@2.0.0","ISC","https://github.com/isaacs/isexe"
"isobject@2.1.0","MIT","https://github.com/jonschlinkert/isobject"
"isobject@3.0.1","MIT","https://github.com/jonschlinkert/isobject"
"isstream@0.1.2","MIT","https://github.com/rvagg/isstream"
"istanbul-lib-coverage@3.0.0","BSD-3-Clause","https://github.com/istanbuljs/istanbuljs"
"istanbul-lib-hook@3.0.0","BSD-3-Clause","https://github.com/istanbuljs/istanbuljs"
"istanbul-lib-instrument@4.0.3","BSD-3-Clause","https://github.com/istanbuljs/istanbuljs"
"istanbul-lib-processinfo@2.0.2","ISC","https://github.com/istanbuljs/istanbul-lib-processinfo"
"istanbul-lib-report@3.0.0","BSD-3-Clause","https://github.com/istanbuljs/istanbuljs"
"istanbul-lib-source-maps@4.0.0","BSD-3-Clause","https://github.com/istanbuljs/istanbuljs"
"istanbul-reports@3.0.2","BSD-3-Clause","https://github.com/istanbuljs/istanbuljs"
"iterate-iterator@1.0.1","MIT","https://github.com/ljharb/iterate-iterator"
"iterate-value@1.0.2","MIT","https://github.com/ljharb/iterate-value"
"js-tokens@4.0.0","MIT","https://github.com/lydell/js-tokens"
"js-yaml@3.13.1","MIT","https://github.com/nodeca/js-yaml"
"js-yaml@3.14.0","MIT","https://github.com/nodeca/js-yaml"
"jsbn@0.1.1","MIT","https://github.com/andyperlitch/jsbn"
"jsesc@0.5.0","MIT","https://github.com/mathiasbynens/jsesc"
"jsesc@2.5.2","MIT","https://github.com/mathiasbynens/jsesc"
"json-parse-better-errors@1.0.2","MIT","https://github.com/zkat/json-parse-better-errors"
"json-schema-traverse@0.4.1","MIT","https://github.com/epoberezkin/json-schema-traverse"
"json-schema@0.2.3","AFLv2.1,BSD","https://github.com/kriszyp/json-schema"
"json-stable-stringify-without-jsonify@1.0.1","MIT","https://github.com/samn/json-stable-stringify"
"json-stringify-safe@5.0.1","ISC","https://github.com/isaacs/json-stringify-safe"
"json5@2.1.3","MIT","https://github.com/json5/json5"
"jsprim@1.4.1","MIT","https://github.com/joyent/node-jsprim"
"kind-of@3.2.2","MIT","https://github.com/jonschlinkert/kind-of"
"kind-of@4.0.0","MIT","https://github.com/jonschlinkert/kind-of"
"kind-of@5.1.0","MIT","https://github.com/jonschlinkert/kind-of"
"kind-of@6.0.3","MIT","https://github.com/jonschlinkert/kind-of"
"lcov-parse@1.0.0","BSD-3-Clause","https://github.com/davglass/lcov-parse"
"leven@3.1.0","MIT","https://github.com/sindresorhus/leven"
"levenary@1.1.1","MIT","https://github.com/tanhauhau/levenary"
"levn@0.4.1","MIT","https://github.com/gkz/levn"
"license-checker@25.0.1","BSD-3-Clause","https://github.com/davglass/license-checker"
"listr-silent-renderer@1.1.1","MIT","https://github.com/SamVerschueren/listr-silent-renderer"
"listr-update-renderer@0.5.0","MIT","https://github.com/SamVerschueren/listr-update-renderer"
"listr-verbose-renderer@0.5.0","MIT","https://github.com/SamVerschueren/listr-verbose-renderer"
"listr@0.14.3","MIT","https://github.com/SamVerschueren/listr"
"locate-path@3.0.0","MIT","https://github.com/sindresorhus/locate-path"
"locate-path@5.0.0","MIT","https://github.com/sindresorhus/locate-path"
"lodash.flattendeep@4.4.0","MIT","https://github.com/lodash/lodash"
"lodash.uniqby@4.7.0","MIT","https://github.com/lodash/lodash"
"lodash@4.17.19","MIT","https://github.com/lodash/lodash"
"log-driver@1.2.7","ISC","https://github.com/cainus/logdriver"
"log-symbols@1.0.2","MIT","https://github.com/sindresorhus/log-symbols"
"log-symbols@3.0.0","MIT","https://github.com/sindresorhus/log-symbols"
"log-update@2.3.0","MIT","https://github.com/sindresorhus/log-update"
"loose-envify@1.4.0","MIT","https://github.com/zertosh/loose-envify"
"lru-cache@4.1.5","ISC","https://github.com/isaacs/node-lru-cache"
"make-dir@2.1.0","MIT","https://github.com/sindresorhus/make-dir"
"make-dir@3.1.0","MIT","https://github.com/sindresorhus/make-dir"
"map-cache@0.2.2","MIT","https://github.com/jonschlinkert/map-cache"
"map-visit@1.0.0","MIT","https://github.com/jonschlinkert/map-visit"
"merge-stream@2.0.0","MIT","https://github.com/grncdr/merge-stream"
"merge2@1.4.1","MIT","https://github.com/teambition/merge2"
"micromatch@3.1.10","MIT","https://github.com/micromatch/micromatch"
"micromatch@4.0.2","MIT","https://github.com/micromatch/micromatch"
"mime-db@1.44.0","MIT","https://github.com/jshttp/mime-db"
"mime-types@2.1.27","MIT","https://github.com/jshttp/mime-types"
"mimic-fn@1.2.0","MIT","https://github.com/sindresorhus/mimic-fn"
"mimic-fn@2.1.0","MIT","https://github.com/sindresorhus/mimic-fn"
"minimatch@3.0.4","ISC","https://github.com/isaacs/minimatch"
"minimist@1.2.5","MIT","https://github.com/substack/minimist"
"mixin-deep@1.3.2","MIT","https://github.com/jonschlinkert/mixin-deep"
"mkdirp@0.5.5","MIT","https://github.com/substack/node-mkdirp"
"mocha@8.0.1","MIT","https://github.com/mochajs/mocha"
"mount-point@3.0.0","MIT","https://github.com/kevva/mount-point"
"move-file@1.2.0","MIT","https://github.com/sindresorhus/move-file"
"ms@2.0.0","MIT","https://github.com/zeit/ms"
"ms@2.1.2","MIT","https://github.com/zeit/ms"
"nan@2.14.1","MIT","https://github.com/nodejs/nan"
"nanomatch@1.2.13","MIT","https://github.com/micromatch/nanomatch"
"natural-compare@1.4.0","MIT","https://github.com/litejs/natural-compare-lite"
"neo-async@2.6.2","MIT","https://github.com/suguru03/neo-async"
"nested-error-stacks@2.1.0","MIT","https://github.com/mdlavin/nested-error-stacks"
"node-environment-flags@1.0.6","Apache-2.0","https://github.com/boneskull/node-environment-flags"
"node-fetch@2.6.0","MIT","https://github.com/bitinn/node-fetch"
"node-modules-regexp@1.0.0","MIT","https://github.com/jamestalmage/node-modules-regexp"
"node-preload@0.2.1","MIT","https://github.com/cfware/node-preload"
"node-releases@1.1.59","MIT","https://github.com/chicoxyzzy/node-releases"
"nopt@4.0.3","ISC","https://github.com/npm/nopt"
"normalize-package-data@2.5.0","BSD-2-Clause","https://github.com/npm/normalize-package-data"
"normalize-path@2.1.1","MIT","https://github.com/jonschlinkert/normalize-path"
"normalize-path@3.0.0","MIT","https://github.com/jonschlinkert/normalize-path"
"npm-normalize-package-bin@1.0.1","ISC","https://github.com/npm/npm-normalize-package-bin"
"npm-run-path@1.0.0","MIT","https://github.com/sindresorhus/npm-run-path"
"npm-run-path@4.0.1","MIT","https://github.com/sindresorhus/npm-run-path"
"number-is-nan@1.0.1","MIT","https://github.com/sindresorhus/number-is-nan"
"nyc@15.1.0","ISC","https://github.com/istanbuljs/nyc"
"oauth-sign@0.9.0","Apache-2.0","https://github.com/mikeal/oauth-sign"
"object-assign@4.1.1","MIT","https://github.com/sindresorhus/object-assign"
"object-copy@0.1.0","MIT","https://github.com/jonschlinkert/object-copy"
"object-inspect@1.8.0","MIT","https://github.com/inspect-js/object-inspect"
"object-keys@1.1.1","MIT","https://github.com/ljharb/object-keys"
"object-visit@1.0.1","MIT","https://github.com/jonschlinkert/object-visit"
"object.assign@4.1.0","MIT","https://github.com/ljharb/object.assign"
"object.getownpropertydescriptors@2.1.0","MIT","https://github.com/es-shims/object.getownpropertydescriptors"
"object.pick@1.3.0","MIT","https://github.com/jonschlinkert/object.pick"
"once@1.4.0","ISC","https://github.com/isaacs/once"
"onetime@2.0.1","MIT","https://github.com/sindresorhus/onetime"
"onetime@5.1.0","MIT","https://github.com/sindresorhus/onetime"
"optionator@0.9.1","MIT","https://github.com/gkz/optionator"
"os-homedir@1.0.2","MIT","https://github.com/sindresorhus/os-homedir"
"os-tmpdir@1.0.2","MIT","https://github.com/sindresorhus/os-tmpdir"
"osenv@0.1.5","ISC","https://github.com/npm/osenv"
"p-limit@2.3.0","MIT","https://github.com/sindresorhus/p-limit"
"p-locate@3.0.0","MIT","https://github.com/sindresorhus/p-locate"
"p-locate@4.1.0","MIT","https://github.com/sindresorhus/p-locate"
"p-map@2.1.0","MIT","https://github.com/sindresorhus/p-map"
"p-map@3.0.0","MIT","https://github.com/sindresorhus/p-map"
"p-map@4.0.0","MIT","https://github.com/sindresorhus/p-map"
"p-reduce@2.1.0","MIT","https://github.com/sindresorhus/p-reduce"
"p-series@2.1.0","MIT","https://github.com/sindresorhus/p-series"
"p-try@2.2.0","MIT","https://github.com/sindresorhus/p-try"
"package-hash@4.0.0","ISC","https://github.com/novemberborn/package-hash"
"parent-module@1.0.1","MIT","https://github.com/sindresorhus/parent-module"
"parse-github-url@1.0.2","MIT","https://github.com/jonschlinkert/parse-github-url"
"parse-passwd@1.0.0","MIT","https://github.com/doowb/parse-passwd"
"pascalcase@0.1.1","MIT","https://github.com/jonschlinkert/pascalcase"
"path-dirname@1.0.2","MIT","https://github.com/es128/path-dirname"
"path-exists@3.0.0","MIT","https://github.com/sindresorhus/path-exists"
"path-exists@4.0.0","MIT","https://github.com/sindresorhus/path-exists"
"path-is-absolute@1.0.1","MIT","https://github.com/sindresorhus/path-is-absolute"
"path-key@1.0.0","MIT","https://github.com/sindresorhus/path-key"
"path-key@3.1.1","MIT","https://github.com/sindresorhus/path-key"
"path-parse@1.0.6","MIT","https://github.com/jbgutierrez/path-parse"
"path-type@3.0.0","MIT","https://github.com/sindresorhus/path-type"
"pathval@1.1.0","MIT","https://github.com/chaijs/pathval"
"performance-now@2.1.0","MIT","https://github.com/braveg1rl/performance-now"
"picomatch@2.2.2","MIT","https://github.com/micromatch/picomatch"
"pify@2.3.0","MIT","https://github.com/sindresorhus/pify"
"pify@3.0.0","MIT","https://github.com/sindresorhus/pify"
"pify@4.0.1","MIT","https://github.com/sindresorhus/pify"
"pinkie-promise@2.0.1","MIT","https://github.com/floatdrop/pinkie-promise"
"pinkie@2.0.4","MIT","https://github.com/floatdrop/pinkie"
"pirates@4.0.1","MIT","https://github.com/ariporad/pirates"
"pkg-dir@3.0.0","MIT","https://github.com/sindresorhus/pkg-dir"
"pkg-dir@4.2.0","MIT","https://github.com/sindresorhus/pkg-dir"
"posix-character-classes@0.1.1","MIT","https://github.com/jonschlinkert/posix-character-classes"
"prelude-ls@1.2.1","MIT","https://github.com/gkz/prelude-ls"
"process-nextick-args@2.0.1","MIT","https://github.com/calvinmetcalf/process-nextick-args"
"process-on-spawn@1.0.0","MIT","https://github.com/cfware/process-on-spawn"
"progress@2.0.3","MIT","https://github.com/visionmedia/node-progress"
"promise.allsettled@1.0.2","MIT","https://github.com/es-shims/Promise.allSettled"
"pseudomap@1.0.2","ISC","https://github.com/isaacs/pseudomap"
"psl@1.8.0","MIT","https://github.com/lupomontero/psl"
"pump@3.0.0","MIT","https://github.com/mafintosh/pump"
"punycode@2.1.1","MIT","https://github.com/bestiejs/punycode.js"
"qs@6.5.2","BSD-3-Clause","https://github.com/ljharb/qs"
"read-installed@4.0.3","ISC","https://github.com/isaacs/read-installed"
"read-package-json@2.1.1","ISC","https://github.com/npm/read-package-json"
"readable-stream@2.3.7","MIT","https://github.com/nodejs/readable-stream"
"readdir-scoped-modules@1.1.0","ISC","https://github.com/npm/readdir-scoped-modules"
"readdirp@2.2.1","MIT","https://github.com/paulmillr/readdirp"
"readdirp@3.3.0","MIT","https://github.com/paulmillr/readdirp"
"regenerate-unicode-properties@8.2.0","MIT","https://github.com/mathiasbynens/regenerate-unicode-properties"
"regenerate@1.4.1","MIT","https://github.com/mathiasbynens/regenerate"
"regenerator-runtime@0.13.5","MIT","https://github.com/facebook/regenerator/tree/master/packages/regenerator-runtime"
"regenerator-transform@0.14.5","MIT","https://github.com/facebook/regenerator/tree/master/packages/regenerator-transform"
"regex-not@1.0.2","MIT","https://github.com/jonschlinkert/regex-not"
"regexpp@3.1.0","MIT","https://github.com/mysticatea/regexpp"
"regexpu-core@4.7.0","MIT","https://github.com/mathiasbynens/regexpu-core"
"regjsgen@0.5.2","MIT","https://github.com/bnjmnt4n/regjsgen"
"regjsparser@0.6.4","BSD-2-Clause","https://github.com/jviereck/regjsparser"
"release-zalgo@1.0.0","ISC","https://github.com/novemberborn/release-zalgo"
"remove-trailing-separator@1.1.0","ISC","https://github.com/darsain/remove-trailing-separator"
"repeat-element@1.1.3","MIT","https://github.com/jonschlinkert/repeat-element"
"repeat-string@1.6.1","MIT","https://github.com/jonschlinkert/repeat-string"
"request@2.88.2","Apache-2.0","https://github.com/request/request"
"require-directory@2.1.1","MIT","https://github.com/troygoode/node-require-directory"
"require-main-filename@2.0.0","ISC","https://github.com/yargs/require-main-filename"
"resolve-from@4.0.0","MIT","https://github.com/sindresorhus/resolve-from"
"resolve-from@5.0.0","MIT","https://github.com/sindresorhus/resolve-from"
"resolve-url@0.2.1","MIT","https://github.com/lydell/resolve-url"
"resolve@1.17.0","MIT","https://github.com/browserify/resolve"
"restore-cursor@2.0.0","MIT","https://github.com/sindresorhus/restore-cursor"
"ret@0.1.15","MIT","https://github.com/fent/ret.js"
"reusify@1.0.4","MIT","https://github.com/mcollina/reusify"
"rimraf@2.6.3","ISC","https://github.com/isaacs/rimraf"
"rimraf@3.0.2","ISC","https://github.com/isaacs/rimraf"
"rollup@2.21.0","MIT","https://github.com/rollup/rollup"
"run-parallel@1.1.9","MIT","https://github.com/feross/run-parallel"
"rxjs@6.6.0","Apache-2.0","https://github.com/reactivex/rxjs"
"safe-buffer@5.1.2","MIT","https://github.com/feross/safe-buffer"
"safe-regex@1.1.0","MIT","https://github.com/substack/safe-regex"
"safer-buffer@2.1.2","MIT","https://github.com/ChALkeR/safer-buffer"
"semver@5.7.1","ISC","https://github.com/npm/node-semver"
"semver@6.3.0","ISC","https://github.com/npm/node-semver"
"semver@7.0.0","ISC","https://github.com/npm/node-semver"
"semver@7.3.2","ISC","https://github.com/npm/node-semver"
"serialize-javascript@3.0.0","BSD-3-Clause","https://github.com/yahoo/serialize-javascript"
"set-blocking@2.0.0","ISC","https://github.com/yargs/set-blocking"
"set-value@2.0.1","MIT","https://github.com/jonschlinkert/set-value"
"shebang-command@2.0.0","MIT","https://github.com/kevva/shebang-command"
"shebang-regex@3.0.0","MIT","https://github.com/sindresorhus/shebang-regex"
"signal-exit@3.0.3","ISC","https://github.com/tapjs/signal-exit"
"slash@1.0.0","MIT","https://github.com/sindresorhus/slash"
"slash@2.0.0","MIT","https://github.com/sindresorhus/slash"
"slice-ansi@0.0.4","MIT","https://github.com/chalk/slice-ansi"
"slice-ansi@2.1.0","MIT","https://github.com/chalk/slice-ansi"
"slide@1.1.6","ISC","https://github.com/isaacs/slide-flow-control"
"snapdragon-node@2.1.1","MIT","https://github.com/jonschlinkert/snapdragon-node"
"snapdragon-util@3.0.1","MIT","https://github.com/jonschlinkert/snapdragon-util"
"snapdragon@0.8.2","MIT","https://github.com/jonschlinkert/snapdragon"
"source-map-resolve@0.5.3","MIT","https://github.com/lydell/source-map-resolve"
"source-map-support@0.5.19","MIT","https://github.com/evanw/node-source-map-support"
"source-map-url@0.4.0","MIT","https://github.com/lydell/source-map-url"
"source-map@0.5.7","BSD-3-Clause","https://github.com/mozilla/source-map"
"source-map@0.6.1","BSD-3-Clause","https://github.com/mozilla/source-map"
"spawn-wrap@2.0.0","ISC","https://github.com/istanbuljs/spawn-wrap"
"spdx-compare@1.0.0","MIT","https://github.com/kemitchell/spdx-compare.js"
"spdx-correct@3.1.1","Apache-2.0","https://github.com/jslicense/spdx-correct.js"
"spdx-exceptions@2.3.0","CC-BY-3.0","https://github.com/kemitchell/spdx-exceptions.json"
"spdx-expression-parse@3.0.1","MIT","https://github.com/jslicense/spdx-expression-parse.js"
"spdx-license-ids@3.0.5","CC0-1.0","https://github.com/shinnn/spdx-license-ids"
"spdx-ranges@2.1.1","(MIT AND CC-BY-3.0)","https://github.com/kemitchell/spdx-ranges.js"
"spdx-satisfies@4.0.1","MIT","https://github.com/kemitchell/spdx-satisfies.js"
"split-string@3.1.0","MIT","https://github.com/jonschlinkert/split-string"
"sprintf-js@1.0.3","BSD-3-Clause","https://github.com/alexei/sprintf.js"
"sshpk@1.16.1","MIT","https://github.com/joyent/node-sshpk"
"static-extend@0.1.2","MIT","https://github.com/jonschlinkert/static-extend"
"string-width@1.0.2","MIT","https://github.com/sindresorhus/string-width"
"string-width@2.1.1","MIT","https://github.com/sindresorhus/string-width"
"string-width@3.1.0","MIT","https://github.com/sindresorhus/string-width"
"string-width@4.2.0","MIT","https://github.com/sindresorhus/string-width"
"string.prototype.trimend@1.0.1","MIT","https://github.com/es-shims/String.prototype.trimEnd"
"string.prototype.trimstart@1.0.1","MIT","https://github.com/es-shims/String.prototype.trimStart"
"string_decoder@1.1.1","MIT","https://github.com/nodejs/string_decoder"
"strip-ansi@3.0.1","MIT","https://github.com/chalk/strip-ansi"
"strip-ansi@4.0.0","MIT","https://github.com/chalk/strip-ansi"
"strip-ansi@5.2.0","MIT","https://github.com/chalk/strip-ansi"
"strip-ansi@6.0.0","MIT","https://github.com/chalk/strip-ansi"
"strip-bom@4.0.0","MIT","https://github.com/sindresorhus/strip-bom"
"strip-eof@1.0.0","MIT","https://github.com/sindresorhus/strip-eof"
"strip-final-newline@2.0.0","MIT","https://github.com/sindresorhus/strip-final-newline"
"strip-json-comments@3.0.1","MIT","https://github.com/sindresorhus/strip-json-comments"
"strip-json-comments@3.1.1","MIT","https://github.com/sindresorhus/strip-json-comments"
"supports-color@2.0.0","MIT","https://github.com/chalk/supports-color"
"supports-color@5.5.0","MIT","https://github.com/chalk/supports-color"
"supports-color@7.1.0","MIT","https://github.com/chalk/supports-color"
"symbol-observable@1.2.0","MIT","https://github.com/blesh/symbol-observable"
"table@5.4.6","BSD-3-Clause","https://github.com/gajus/table"
"terser@4.8.0","BSD-2-Clause","https://github.com/terser/terser"
"test-exclude@6.0.0","ISC","https://github.com/istanbuljs/test-exclude"
"text-table@0.2.0","MIT","https://github.com/substack/text-table"
"to-fast-properties@2.0.0","MIT","https://github.com/sindresorhus/to-fast-properties"
"to-object-path@0.3.0","MIT","https://github.com/jonschlinkert/to-object-path"
"to-regex-range@2.1.1","MIT","https://github.com/micromatch/to-regex-range"
"to-regex-range@5.0.1","MIT","https://github.com/micromatch/to-regex-range"
"to-regex@3.0.2","MIT","https://github.com/jonschlinkert/to-regex"
"tough-cookie@2.5.0","BSD-3-Clause","https://github.com/salesforce/tough-cookie"
"trash@6.1.1","MIT","https://github.com/sindresorhus/trash"
"treeify@1.1.0","MIT","https://github.com/notatestuser/treeify"
"tslib@1.13.0","0BSD","https://github.com/Microsoft/tslib"
"tunnel-agent@0.6.0","Apache-2.0","https://github.com/mikeal/tunnel-agent"
"tweetnacl@0.14.5","Unlicense","https://github.com/dchest/tweetnacl-js"
"type-check@0.4.0","MIT","https://github.com/gkz/type-check"
"type-detect@4.0.8","MIT","https://github.com/chaijs/type-detect"
"type-fest@0.8.1","(MIT OR CC0-1.0)","https://github.com/sindresorhus/type-fest"
"typedarray-to-buffer@3.1.5","MIT","https://github.com/feross/typedarray-to-buffer"
"uglify-js@3.10.0","BSD-2-Clause","https://github.com/mishoo/UglifyJS"
"unicode-canonical-property-names-ecmascript@1.0.4","MIT","https://github.com/mathiasbynens/unicode-canonical-property-names-ecmascript"
"unicode-match-property-ecmascript@1.0.4","MIT","https://github.com/mathiasbynens/unicode-match-property-ecmascript"
"unicode-match-property-value-ecmascript@1.2.0","MIT","https://github.com/mathiasbynens/unicode-match-property-value-ecmascript"
"unicode-property-aliases-ecmascript@1.1.0","MIT","https://github.com/mathiasbynens/unicode-property-aliases-ecmascript"
"union-value@1.0.1","MIT","https://github.com/jonschlinkert/union-value"
"unset-value@1.0.0","MIT","https://github.com/jonschlinkert/unset-value"
"upath@1.2.0","MIT","https://github.com/anodynos/upath"
"uri-js@4.2.2","BSD-2-Clause","https://github.com/garycourt/uri-js"
"urix@0.1.0","MIT","https://github.com/lydell/urix"
"use@3.1.1","MIT","https://github.com/jonschlinkert/use"
"user-home@2.0.0","MIT","https://github.com/sindresorhus/user-home"
"util-deprecate@1.0.2","MIT","https://github.com/TooTallNate/util-deprecate"
"util-extend@1.0.3","MIT","https://github.com/isaacs/util-extend"
"uuid@3.4.0","MIT","https://github.com/uuidjs/uuid"
"v8-compile-cache@2.1.1","MIT","https://github.com/zertosh/v8-compile-cache"
"v8flags@3.2.0","MIT","https://github.com/gulpjs/v8flags"
"validate-npm-package-license@3.0.4","Apache-2.0","https://github.com/kemitchell/validate-npm-package-license.js"
"verror@1.10.0","MIT","https://github.com/davepacheco/node-verror"
"which-module@2.0.0","ISC","https://github.com/nexdrew/which-module"
"which@1.3.1","ISC","https://github.com/isaacs/node-which"
"which@2.0.2","ISC","https://github.com/isaacs/node-which"
"wide-align@1.1.3","ISC","https://github.com/iarna/wide-align"
"word-wrap@1.2.3","MIT","https://github.com/jonschlinkert/word-wrap"
"wordwrap@1.0.0","MIT","https://github.com/substack/node-wordwrap"
"workerpool@6.0.0","Apache-2.0","https://github.com/josdejong/workerpool"
"wrap-ansi@3.0.1","MIT","https://github.com/chalk/wrap-ansi"
"wrap-ansi@5.1.0","MIT","https://github.com/chalk/wrap-ansi"
"wrap-ansi@6.2.0","MIT","https://github.com/chalk/wrap-ansi"
"wrappy@1.0.2","ISC","https://github.com/npm/wrappy"
"write-file-atomic@3.0.3","ISC","https://github.com/npm/write-file-atomic"
"write@1.0.3","MIT","https://github.com/jonschlinkert/write"
"xdg-basedir@2.0.0","MIT","https://github.com/sindresorhus/xdg-basedir"
"xdg-trashdir@2.1.1","MIT","https://github.com/kevva/xdg-trashdir"
"y18n@4.0.0","ISC","https://github.com/yargs/y18n"
"yallist@2.1.2","ISC","https://github.com/isaacs/yallist"
"yargs-parser@13.1.2","ISC","https://github.com/yargs/yargs-parser"
"yargs-parser@18.1.3","ISC","https://github.com/yargs/yargs-parser"
"yargs-unparser@1.6.0","MIT","https://github.com/yargs/yargs-unparser"
"yargs@13.3.2","MIT","https://github.com/yargs/yargs"
"yargs@15.4.1","MIT","https://github.com/yargs/yargs"
